coin,setup,direction,signal_time,entry_time,exit_time,entry,exit,sl,tp,reason,bars_held,gross_pct,fees_pct,net_pct,sl_pct,r,size_mult,panel_score
ETH,trend_pullback,-1,2026-08-22 07:30:00+00:00,2026-08-22 07:35:00+00:00,2026-08-22 08:30:00+00:00,2440.1,2421.5804610312957,2447.6136415244455,2421.5804610312957,target,12,0.0075896639353732155,0.0003,0.0072896639353732156,0.003079235082351407,2.3673619390587692,0.75,0.6641137566137566
ETH,vwap_reversion,-1,2026-08-24 14:35:00+00:00,2026-08-24 14:40:00+00:00,2026-08-24 15:40:00+00:00,2525.63,2505.160120357486,2533.9349225978203,2505.160120357486,target,13,0.008104860823839643,0.0003,0.007804860823839642,0.0032882578199578075,2.373555010336686,0.75,0.6701851851851853
ETH,vwap_reversion,1,2026-09-04 12:35:00+00:00,2026-09-04 12:40:00+00:00,2026-09-04 12:40:00+00:00,2460.48,2451.9045144212305,2452.0730396238537,2481.2013812088117,stop,1,-0.003485289690942227,0.0006,-0.004085289690942227,0.0034167968754659135,-1.1956489776364472,0.75,0.6838359788359789
ETH,vwap_reversion,-1,2026-09-11 12:40:00+00:00,2026-09-11 12:45:00+00:00,2026-09-11 12:45:00+00:00,2493.97,2501.3373666515995,2501.1654674420806,2476.2346929244486,stop,1,-0.002954071882019309,0.0006,-0.003554071882019309,0.0028851459488609668,-1.2318516792616432,0.75,0.6873181216931218
ETH,vwap_reversion,-1,2026-09-21 09:40:00+00:00,2026-09-21 09:45:00+00:00,2026-09-21 09:50:00+00:00,2742.03,2722.4566134130237,2749.971202558145,2722.4566134130237,target,2,0.007138283165018814,0.0003,0.006838283165018814,0.002896103455521925,2.3612012726894953,0.75,0.6716964285714286
ZEC,vwap_reversion,-1,2026-08-21 07:15:00+00:00,2026-08-21 07:20:00+00:00,2026-08-21 07:20:00+00:00,608.37,611.5659407768127,611.5129711277755,600.6232401780182,stop,1,-0.005253284640617842,0.0006,-0.005853284640617842,0.0051662164928833396,-1.13299251951229,0.75,0.6801421957671957
ZEC,vwap_reversion,-1,2026-08-21 17:00:00+00:00,2026-08-21 17:05:00+00:00,2026-08-21 17:05:00+00:00,676.41,681.1518203404354,681.0928236395749,664.8678290573855,stop,1,-0.007010275336608602,0.0006,-0.007610275336608602,0.006923055010385723,-1.0992654724239423,0.75,0.6638525132275133
ZEC,trend_pullback,1,2026-08-21 17:25:00+00:00,2026-08-21 17:30:00+00:00,2026-08-21 18:35:00+00:00,670.08,665.1943314069418,665.2519559615995,681.9801085453535,stop,14,-0.007291172088494208,0.0006,-0.007891172088494209,0.007205175558740046,-1.095208857044716,0.75,0.6642328042328042
ZEC,vwap_reversion,-1,2026-08-22 17:20:00+00:00,2026-08-22 17:25:00+00:00,2026-08-22 18:00:00+00:00,827.9,833.2988117552069,833.2266371250342,814.7709648326619,stop,8,-0.006521091623634385,0.0006,-0.007121091623634385,0.006433913667151004,-1.1068055917492081,0.75,0.6716997354497355
ZEC,trend_pullback,1,2026-08-22 20:35:00+00:00,2026-08-22 20:40:00+00:00,2026-08-22 20:55:00+00:00,839.86,834.3987352623997,834.471017681621,853.1427028974132,stop,4,-0.006502589404901228,0.0006,-0.007102589404901227,0.006416524561687732,-1.106921564254566,0.5,0.6550859788359789
ZEC,vwap_reversion,-1,2026-08-24 12:55:00+00:00,2026-08-24 13:00:00+00:00,2026-08-24 13:30:00+00:00,855.54,845.0246200958584,859.8062398468231,845.0246200958584,target,7,0.012290927255466235,0.0003,0.011990927255466233,0.004986604772217707,2.4046275578670886,0.75,0.6555026455026455
ZEC,vwap_reversion,-1,2026-08-24 14:40:00+00:00,2026-08-24 14:45:00+00:00,2026-08-24 15:15:00+00:00,863.87,850.6913809179779,869.2167540275633,850.6913809179779,target,7,0.015255326706590255,0.0003,0.014955326706590253,0.006189303978102309,2.4163180156447375,0.75,0.7013392857142857
ZEC,trend_pullback,-1,2026-08-25 13:35:00+00:00,2026-08-25 13:40:00+00:00,2026-08-25 13:50:00+00:00,826.04,814.7404985403062,830.6243691636471,814.7404985403062,target,3,0.01367912142232061,0.0003,0.013379121422320608,0.005549814977055777,2.4107328762549747,0.75,0.6665376984126984
ZEC,trend_pullback,-1,2026-08-25 17:55:00+00:00,2026-08-25 18:00:00+00:00,2026-08-25 19:25:00+00:00,799.42,790.9184855571749,802.8691858596604,790.9184855571749,target,18,0.010634603140808406,0.0003,0.010334603140808404,0.004314610417127968,2.395257541627051,0.75,0.6751521164021165
ZEC,vwap_reversion,1,2026-08-26 13:25:00+00:00,2026-08-26 13:30:00+00:00,2026-08-26 13:30:00+00:00,766.32,774.5612799553776,762.9763949895327,774.5612799553776,target,1,0.010754358434306211,0.0003,0.01045435843430621,0.004363196850489922,2.396031807075663,0.75,0.6760582010582011
ZEC,trend_pullback,-1,2026-08-26 15:15:00+00:00,2026-08-26 15:20:00+00:00,2026-08-26 15:20:00+00:00,767.74,771.4474352701553,771.3806177821752,758.7666463115398,stop,1,-0.004829024500684236,0.0006,-0.005429024500684236,0.004741993099454584,-1.1448824126945003,0.75,0.7110482804232805
ZEC,trend_pullback,1,2026-08-27 09:00:00+00:00,2026-08-27 09:05:00+00:00,2026-08-27 09:25:00+00:00,794.54,801.0397756222238,791.9029481761263,801.0397756222238,target,5,0.008180551793772329,0.0003,0.007880551793772327,0.0033189667277590796,2.3743991549722967,0.75,0.6499768518518517
ZEC,trend_pullback,1,2026-08-27 10:00:00+00:00,2026-08-27 10:05:00+00:00,2026-08-27 10:10:00+00:00,796.66,793.8424791121308,793.9112482178903,803.4350924206929,stop,2,-0.0035366666932808684,0.0006,-0.004136666693280868,0.0034503449176683746,-1.1989139613544162,0.5,0.6885284391534392
ZEC,trend_pullback,1,2026-08-27 15:05:00+00:00,2026-08-27 15:10:00+00:00,2026-08-27 15:25:00+00:00,795.81,802.9067016187571,792.9307667718184,802.9067016187571,target,4,0.008917582863695043,0.0003,0.008617582863695041,0.0036179907618420046,2.381869781034937,0.75,0.7244907407407407
ZEC,trend_pullback,1,2026-08-27 15:40:00+00:00,2026-08-27 15:45:00+00:00,2026-08-27 15:50:00+00:00,798.53,806.9225167659829,795.1250360549441,806.9225167659829,target,2,0.010509958005313413,0.0003,0.010209958005313411,0.004264040105012897,2.394432921329789,0.75,0.729183201058201
ZEC,vwap_reversion,-1,2026-08-27 17:10:00+00:00,2026-08-27 17:15:00+00:00,2026-08-27 17:15:00+00:00,822.52,826.3797770164576,826.3082016656388,813.1828832184958,stop,1,-0.004692623907573866,0.0006,-0.005292623907573866,0.004605604320428458,-1.1491703453764117,0.75,0.6582109788359788
ZEC,vwap_reversion,-1,2026-08-28 14:55:00+00:00,2026-08-28 15:00:00+00:00,2026-08-28 16:00:00+00:00,811.45,799.0106701071687,816.4968138422345,799.0106701071687,target,13,0.015329755244107861,0.0003,0.01502975524410786,0.0062195006990380585,2.416553349118916,0.75,0.6589583333333333
ZEC,trend_pullback,1,2026-08-29 16:10:00+00:00,2026-08-29 16:15:00+00:00,2026-08-29 16:55:00+00:00,836.1,832.9695018802281,833.0416604876049,843.6381607699881,stop,9,-0.003744167108924667,0.0006,-0.004344167108924667,0.0036578633086893292,-1.1876242336899274,0.75,0.674537037037037
ZEC,vwap_reversion,-1,2026-08-31 15:55:00+00:00,2026-08-31 16:00:00+00:00,2026-08-31 17:25:00+00:00,842.55,833.5998596427747,846.1811998020742,833.5998596427747,target,18,0.010622681570500532,0.0003,0.01032268157050053,0.004309773665745937,2.395179508507642,0.75,0.6616534391534392
ZEC,vwap_reversion,-1,2026-08-31 17:50:00+00:00,2026-08-31 17:55:00+00:00,2026-08-31 18:05:00+00:00,848.62,852.125660923478,852.0518556407028,840.1612008855916,stop,3,-0.004131013791188035,0.0006,-0.004731013791188034,0.004044042846860589,-1.169872320927743,0.75,0.7968121693121692
ZEC,vwap_reversion,1,2026-09-02 09:40:00+00:00,2026-09-02 09:45:00+00:00,2026-09-02 10:05:00+00:00,806.76,803.6459295885606,803.7155479491034,814.2639311113646,stop,5,-0.003859971257176041,0.0006,-0.004459971257176041,0.003773677488839959,-1.181863386674056,0.75,0.6777546296296296
ZEC,trend_pullback,-1,2026-09-02 12:05:00+00:00,2026-09-02 12:10:00+00:00,2026-09-02 12:15:00+00:00,796.01,798.9441460765955,798.8749470120364,788.9485108858258,stop,2,-0.0036860668541796445,0.0006,-0.004286066854179644,0.003599134448105363,-1.1908604460263752,0.75,0.6865906084656086
ZEC,trend_pullback,1,2026-09-04 17:35:00+00:00,2026-09-04 17:40:00+00:00,2026-09-04 17:45:00+00:00,1019.3,1011.8194904535382,1011.9071425046432,1037.5218318547527,stop,2,-0.007338869367665853,0.0006,-0.007938869367665854,0.007252876969838918,-1.094582108683166,0.75,0.6483730158730159
ZEC,trend_pullback,-1,2026-09-05 08:15:00+00:00,2026-09-05 08:20:00+00:00,2026-09-05 08:25:00+00:00,1004.16,1007.3021243252255,1007.2148787210439,996.6303693495397,stop,2,-0.0031291072391107944,0.0006,-0.0037291072391107943,0.0030422230730599424,-1.2257836291274877,0.75,0.6931316137566138
ZEC,vwap_reversion,-1,2026-09-05 17:00:00+00:00,2026-09-05 17:05:00+00:00,2026-09-05 17:05:00+00:00,1036.08,1039.697171065212,1039.6071196241746,1027.3863952925267,stop,1,-0.003491208270801488,0.0006,-0.004091208270801488,0.0034042927420419424,-1.201779218419249,0.75,0.6842824074074075
ZEC,trend_pullback,1,2026-09-05 17:55:00+00:00,2026-09-05 18:00:00+00:00,2026-09-05 18:30:00+00:00,1029.1,1025.7354682083014,1025.8243257748218,1037.1738449212135,stop,7,-0.0032693924707982536,0.0006,-0.0038693924707982534,0.0031830475417141636,-1.2156250951609957,0.75,0.6820568783068782
ZEC,vwap_reversion,-1,2026-09-06 17:20:00+00:00,2026-09-06 17:25:00+00:00,2026-09-06 17:30:00+00:00,1192.8,1198.8044993583458,1198.7006671313343,1178.2561021410775,stop,2,-0.005033953184394543,0.0006,-0.005633953184394543,0.004946904033647112,-1.1388846733379832,0.75,0.7121593915343916
ZEC,trend_pullback,1,2026-09-07 11:15:00+00:00,2026-09-07 11:20:00+00:00,2026-09-07 11:40:00+00:00,1199.0,1194.8707649095472,1194.9742743540064,1208.922563211956,stop,5,-0.00344389915800898,0.0006,-0.00404389915800898,0.003357569346116377,-1.2044126989324777,0.75,0.6984325396825396
ZEC,vwap_reversion,-1,2026-09-08 10:00:00+00:00,2026-09-08 10:05:00+00:00,2026-09-08 10:10:00+00:00,1149.13,1153.691541882365,1153.5916170304463,1138.1330566150978,stop,2,-0.003969561217934405,0.0006,-0.004569561217934405,0.003882604257521849,-1.1769320061609936,0.75,0.6837070105820107
ZEC,trend_pullback,1,2026-09-08 11:00:00+00:00,2026-09-08 11:05:00+00:00,2026-09-08 11:10:00+00:00,1152.19,1147.6603625726102,1147.7597822672303,1163.1095507497846,stop,2,-0.0039313285372984,0.0006,-0.0045313285372984,0.0038450409505113867,-1.1784864181214343,0.75,0.6734126984126985
ZEC,vwap_reversion,-1,2026-09-08 11:20:00+00:00,2026-09-08 11:25:00+00:00,2026-09-08 11:40:00+00:00,1158.46,1163.2075894318166,1163.1068403650988,1147.0065202268693,stop,4,-0.004098190210984022,0.0006,-0.004698190210984022,0.0040112221096100025,-1.171261546382135,0.75,0.6466898148148148
ZEC,trend_pullback,1,2026-09-08 12:05:00+00:00,2026-09-08 12:10:00+00:00,2026-09-08 13:35:00+00:00,1152.93,1147.515354978923,1147.6147621118032,1166.0309384568232,stop,18,-0.004696421310120431,0.0006,-0.005296421310120431,0.004610200001905412,-1.1488484898554079,0.75,0.7157374338624338
ZEC,vwap_reversion,-1,2026-09-08 14:30:00+00:00,2026-09-08 14:35:00+00:00,2026-09-08 14:35:00+00:00,1168.96,1174.7465813918564,1174.6448328967638,1154.9480879305117,stop,1,-0.004950196235847519,0.0006,-0.005550196235847519,0.0048631543395529645,-1.1412749520834062,0.75,0.6767228835978836
ZEC,vwap_reversion,-1,2026-09-08 15:40:00+00:00,2026-09-08 15:45:00+00:00,2026-09-08 15:50:00+00:00,1182.85,1188.7102200633785,1188.6072621336357,1168.6595651635735,stop,2,-0.0049543222415172,0.0006,-0.0055543222415172,0.00486727998785635,-1.141155276740806,0.75,0.7017228835978836
ZEC,trend_pullback,1,2026-09-09 08:15:00+00:00,2026-09-09 08:20:00+00:00,2026-09-09 08:35:00+00:00,1243.59,1237.4126239317068,1237.5198186987323,1258.5517144749551,stop,4,-0.004967373546179322,0.0006,-0.005567373546179322,0.00488117571005521,-1.1405804414519531,0.75,0.6938955026455027
ZEC,trend_pullback,1,2026-09-09 14:00:00+00:00,2026-09-09 14:05:00+00:00,2026-09-09 14:15:00+00:00,1274.85,1290.8747238925728,1268.348540592156,1290.8747238925728,target,3,0.01256988970668931,0.0003,0.012269889706689309,0.0050997838238567945,2.405962709495793,0.75,0.6442294973544974
ZEC,vwap_reversion,-1,2026-09-09 14:30:00+00:00,2026-09-09 14:35:00+00:00,2026-09-09 14:35:00+00:00,1287.03,1294.0767506176853,1293.9646665614341,1269.937511996465,stop,1,-0.005475203078160841,0.0006,-0.006075203078160841,0.005388115709372924,-1.1275190448476617,0.75,0.6583928571428572
ZEC,trend_pullback,1,2026-09-09 14:55:00+00:00,2026-09-09 15:00:00+00:00,2026-09-09 15:00:00+00:00,1284.92,1277.410659408127,1277.5213191309897,1303.1561852405184,stop,1,-0.005844208660362567,0.0006,-0.006444208660362567,0.005758086782842762,-1.119157960516369,0.75,0.6472387566137565
ZEC,trend_pullback,1,2026-09-11 15:15:00+00:00,2026-09-11 15:20:00+00:00,2026-09-11 15:50:00+00:00,1190.28,1180.6879060429296,1180.7901868525562,1213.670384518347,stop,7,-0.00805868699555596,0.0006,-0.008658686995555961,0.00797275695419874,-1.0860342344935006,0.75,0.6660945767195768
ZEC,trend_pullback,-1,2026-09-13 10:55:00+00:00,2026-09-13 11:00:00+00:00,2026-09-13 11:00:00+00:00,1092.5,1096.7444485864012,1096.6494561012878,1082.2724673559808,stop,1,-0.0038850787976212144,0.0006,-0.004485078797621215,0.003798129154496813,-1.1808652668672641,0.75,0.6763227513227512
ZEC,trend_pullback,-1,2026-09-13 13:00:00+00:00,2026-09-13 13:05:00+00:00,2026-09-13 13:20:00+00:00,1091.54,1083.6983396363464,1094.7214736332537,1083.6983396363464,target,4,0.007184033900410013,0.0003,0.006884033900410013,0.002914665182452099,2.361860958114749,0.5,0.6737533068783069
ZEC,trend_pullback,-1,2026-09-13 13:35:00+00:00,2026-09-13 13:40:00+00:00,2026-09-13 13:45:00+00:00,1088.47,1092.4044081738755,1092.3097915933083,1079.005724946071,stop,2,-0.0036146225195691694,0.0006,-0.004214622519569169,0.003527696301513456,-1.1947237401816613,0.75,0.7148743386243387
ZEC,trend_pullback,1,2026-09-14 07:35:00+00:00,2026-09-14 07:40:00+00:00,2026-09-14 08:00:00+00:00,1141.77,1136.8826372097246,1136.9811232499299,1153.5735694543985,stop,5,-0.004280514280700445,0.0006,-0.0048805142807004445,0.004194256943228677,-1.1636183349662639,0.75,0.668207671957672
ZEC,trend_pullback,1,2026-09-14 08:10:00+00:00,2026-09-14 08:15:00+00:00,2026-09-14 08:30:00+00:00,1139.99,1135.8735191662288,1135.9719177884042,1149.8937237609757,stop,4,-0.003610979775060501,0.0006,-0.004210979775060501,0.003524664437052799,-1.1947179228731275,0.5,0.6482738095238094
ZEC,trend_pullback,1,2026-09-14 08:35:00+00:00,2026-09-14 08:40:00+00:00,2026-09-14 09:15:00+00:00,1138.0,1133.8342316710778,1133.9324536335491,1148.0256424525196,stop,8,-0.0036606048584553958,0.0006,-0.004260604858455396,0.0035742938193767987,-1.1920130447469088,0.75,0.644672619047619
ZEC,trend_pullback,-1,2026-09-15 08:30:00+00:00,2026-09-15 08:35:00+00:00,2026-09-15 08:45:00+00:00,1139.9,1143.544477936646,1143.4454319538404,1131.1612592687034,stop,3,-0.0031971909260864097,0.0006,-0.0037971909260864096,0.003110300863093569,-1.2208436074925708,0.5,0.6876488095238096
ZEC,vwap_reversion,1,2026-09-17 10:00:00+00:00,2026-09-17 10:05:00+00:00,2026-09-17 10:05:00+00:00,1341.65,1335.6578754066702,1335.773580978127,1356.1341313919409,stop,1,-0.004466235302299325,0.0006,-0.005066235302299325,0.004379994053496177,-1.1566762969130928,0.75,0.7758399470899471
ZEC,vwap_reversion,1,2026-09-17 10:10:00+00:00,2026-09-17 10:15:00+00:00,2026-09-17 10:15:00+00:00,1335.0,1328.949010224021,1329.0641346188952,1349.6306541083572,stop,1,-0.004532576611220154,0.0006,-0.005132576611220154,0.004446341109441873,-1.1543371245901601,0.75,0.7922453703703705
ZEC,trend_pullback,-1,2026-09-19 18:10:00+00:00,2026-09-19 18:15:00+00:00,2026-09-19 18:30:00+00:00,1489.37,1476.0318485858327,1494.7814785737478,1476.0318485858327,target,4,0.008955566054215686,0.0003,0.008655566054215684,0.0036334010848532022,2.382221464703886,0.75,0.6871362433862434
ZEC,trend_pullback,1,2026-09-20 18:55:00+00:00,2026-09-20 19:00:00+00:00,2026-09-20 19:15:00+00:00,1468.51,1481.7846848728213,1463.124270708741,1481.7846848728213,target,4,0.009039560420304495,0.0003,0.008739560420304493,0.0036674787990949673,2.3829886685265027,0.75,0.6778108465608464
ZEC,vwap_reversion,-1,2026-09-20 19:25:00+00:00,2026-09-20 19:30:00+00:00,2026-09-20 19:30:00+00:00,1489.97,1495.5995037485031,1495.4699651729684,1476.4137478131058,stop,1,-0.003778266507717009,0.0006,-0.004378266507717009,0.0036913261159409036,-1.1860958284908965,0.75,0.7131779100529101
ZEC,trend_pullback,1,2026-09-21 11:20:00+00:00,2026-09-21 11:25:00+00:00,2026-09-21 11:40:00+00:00,1532.54,1547.0429435934388,1526.6559485992334,1547.0429435934388,target,4,0.009463337722629677,0.0003,0.009163337722629675,0.0038394113046097368,2.386651753519567,0.75,0.6603042328042329
ZEC,trend_pullback,1,2026-09-21 12:10:00+00:00,2026-09-21 12:15:00+00:00,2026-09-21 12:20:00+00:00,1546.52,1539.0488793039715,1539.1822042619256,1564.6061162558171,stop,2,-0.0048309240721287105,0.0006,-0.00543092407212871,0.004744714415639262,-1.1446261242252225,0.75,0.6715443121693121
ZEC,vwap_reversion,1,2026-09-21 17:15:00+00:00,2026-09-21 17:20:00+00:00,2026-09-21 17:45:00+00:00,1475.13,1469.108332291307,1469.2355984290282,1489.6584545763392,stop,6,-0.004082126801497515,0.0006,-0.004682126801497515,0.003995852278085248,-1.1717467202619212,0.75,0.7078472222222222
ZEC,trend_pullback,-1,2026-09-21 18:15:00+00:00,2026-09-21 18:20:00+00:00,2026-09-21 18:25:00+00:00,1479.95,1486.0538970920122,1485.9251852914838,1465.2224306195822,stop,2,-0.00412439412953963,0.0006,-0.00472439412953963,0.004037423758561977,-1.1701506733150877,0.75,0.696468253968254
ZEC,trend_pullback,1,2026-09-22 08:30:00+00:00,2026-09-22 08:35:00+00:00,2026-09-22 08:45:00+00:00,1508.95,1502.7540324644726,1502.8842132669722,1523.900882792674,stop,3,-0.004106145025035565,0.0006,-0.004706145025035565,0.0040198725822775975,-1.1707199491306106,0.75,0.6890079365079365
ZEC,trend_pullback,1,2026-09-22 12:50:00+00:00,2026-09-22 12:55:00+00:00,2026-09-22 13:00:00+00:00,1529.52,1523.7615147587321,1523.8935154005696,1543.3880958436664,stop,2,-0.003764896988119059,0.0006,-0.004364896988119059,0.003678594983674864,-1.1865663405430376,0.75,0.6584722222222221
ZEC,vwap_reversion,-1,2026-09-23 10:55:00+00:00,2026-09-23 11:00:00+00:00,2026-09-23 11:15:00+00:00,1652.12,1635.3432529896309,1658.926565929921,1635.3432529896309,target,4,0.010154678237881654,0.0003,0.009854678237881652,0.00411989802794053,2.3919713961483278,0.75,0.655839947089947
ZEC,vwap_reversion,-1,2026-09-24 13:30:00+00:00,2026-09-24 13:35:00+00:00,2026-09-24 13:35:00+00:00,1514.89,1520.3133302350745,1520.1816511173217,1501.8471979502635,stop,1,-0.003580015865887586,0.0006,-0.004180015865887586,0.0034930926452228788,-1.1966518756964941,0.75,0.7281349206349207
ZEC,vwap_reversion,-1,2026-09-24 16:50:00+00:00,2026-09-24 16:55:00+00:00,2026-09-24 17:00:00+00:00,1541.21,1549.2511126686318,1549.1169271585552,1521.7210950317303,stop,2,-0.005217402345320716,0.0006,-0.005817402345320716,0.005130337305464646,-1.1339220014099722,0.75,0.7148875661375661
ZEC,vwap_reversion,-1,2026-09-25 08:30:00+00:00,2026-09-25 08:35:00+00:00,2026-09-25 08:35:00+00:00,1580.53,1586.0953497509915,1585.9579730456944,1567.1511931972318,stop,1,-0.003521192100745682,0.0006,-0.004121192100745682,0.0034342739749922604,-1.2000184407986756,0.75,0.7128637566137567
ZEC,trend_pullback,1,2026-09-25 09:55:00+00:00,2026-09-25 10:00:00+00:00,2026-09-25 10:00:00+00:00,1585.87,1580.7421815694584,1580.8791183410763,1598.1714688776285,stop,1,-0.003233441852447892,0.0006,-0.0038334418524478917,0.0031470938090282364,-1.2180894771711894,0.75,0.6931316137566138
HYPE,trend_pullback,1,2026-09-18 11:30:00+00:00,2026-09-18 11:35:00+00:00,2026-09-18 11:55:00+00:00,90.09,89.81063171676011,89.81563832772633,90.76624355842102,stop,5,-0.0031009910449538245,0.0006,-0.0037009910449538243,0.0030454176076553626,-1.2152655306288787,0.5,0.6621164021164021
HYPE,trend_pullback,1,2026-09-18 12:10:00+00:00,2026-09-18 12:15:00+00:00,2026-09-18 12:30:00+00:00,90.044,90.71130159187237,89.77326621129748,90.71130159187237,target,4,0.007410839055043907,0.0003,0.007110839055043907,0.003006683273760697,2.3650110129989907,0.5,0.6589054232804233
NEAR,trend_pullback,1,2026-08-19 18:40:00+00:00,2026-08-19 18:45:00+00:00,2026-08-19 18:50:00+00:00,1.701,1.6954019573485566,1.6955959918137424,1.7143197384872546,stop,2,-0.0032910303653400823,0.0006,-0.003891030365340082,0.0031769595451249717,-1.2247654746850172,0.75,0.6556382275132275
NEAR,trend_pullback,-1,2026-08-20 14:25:00+00:00,2026-08-20 14:30:00+00:00,2026-08-20 14:45:00+00:00,1.723,1.7107128550530375,1.727985070235625,1.7107128550530375,target,4,0.007131250694696802,0.0003,0.006831250694696802,0.0028932502818484005,2.3610991200984333,0.75,0.6707010582010582
NEAR,trend_pullback,-1,2026-08-20 15:20:00+00:00,2026-08-20 15:25:00+00:00,2026-08-20 15:25:00+00:00,1.722,1.7283365350823618,1.7281387766039835,1.7068692125958154,stop,1,-0.0036797532417897046,0.0006,-0.004279753241789704,0.00356491091985101,-1.2005217908694812,0.5,0.6508267195767196
NEAR,vwap_reversion,-1,2026-08-21 07:15:00+00:00,2026-08-21 07:20:00+00:00,2026-08-21 07:30:00+00:00,1.853,1.8601822687376828,1.859969424301715,1.8358218415098573,stop,3,-0.0038760219847181845,0.0006,-0.004476021984718185,0.003761157205458761,-1.1900651156569324,0.75,0.6639550264550264
NEAR,trend_pullback,1,2026-08-21 09:50:00+00:00,2026-08-21 09:55:00+00:00,2026-08-21 09:55:00+00:00,1.909,1.8967734687296758,1.8969905496549326,1.9386007578927718,stop,1,-0.006404678507241617,0.0006,-0.007004678507241617,0.006290964036179867,-1.113450731391424,0.75,0.6711838624338625
NEAR,vwap_reversion,-1,2026-08-21 20:35:00+00:00,2026-08-21 20:40:00+00:00,2026-08-21 20:45:00+00:00,1.908,1.914636427790007,1.9144173526394668,1.8921825815224407,stop,2,-0.003478211629982736,0.0006,-0.004078211629982736,0.0033633923686933365,-1.2125292511046233,0.75,0.793422619047619
NEAR,vwap_reversion,-1,2026-08-21 20:50:00+00:00,2026-08-21 20:55:00+00:00,2026-08-21 21:00:00+00:00,1.92,1.926555491331674,1.9263350523866285,1.9043854342583098,stop,2,-0.003414318401913595,0.0006,-0.004014318401913595,0.0032995064513690418,-1.2166420830145555,0.75,0.6443287037037038
NEAR,trend_pullback,1,2026-08-22 20:40:00+00:00,2026-08-22 20:45:00+00:00,2026-08-22 21:00:00+00:00,1.952,1.9442489481371923,1.9444714625109694,1.9705562543743713,stop,4,-0.003970825749389174,0.0006,-0.004570825749389174,0.003856832730036211,-1.1851241859136212,0.75,0.6899041005291003
NEAR,trend_pullback,1,2026-08-23 12:35:00+00:00,2026-08-23 12:40:00+00:00,2026-08-23 12:50:00+00:00,1.946,1.938705087195484,1.9389269670884006,1.9634335318243643,stop,3,-0.0037486705059177213,0.0006,-0.004348670505917722,0.0036346520614590275,-1.196447536761489,0.5,0.6790575396825397
NEAR,trend_pullback,-1,2026-08-24 18:05:00+00:00,2026-08-24 18:10:00+00:00,2026-08-24 18:30:00+00:00,1.968,1.9776981604669126,1.9774718697122091,1.9446538422586392,stop,5,-0.004927927066520646,0.0006,-0.005527927066520646,0.004812941926935558,-1.148554699067463,0.75,0.7094411375661376
NEAR,vwap_reversion,-1,2026-08-27 08:20:00+00:00,2026-08-27 08:25:00+00:00,2026-08-27 08:25:00+00:00,1.914,1.9201099691719732,1.9198902677318226,1.8994817344638173,stop,1,-0.0031922513960152884,0.0006,-0.0037922513960152882,0.003077464854661782,-1.2322647292854503,0.75,0.7284226190476191
NEAR,trend_pullback,1,2026-08-27 14:55:00+00:00,2026-08-27 15:00:00+00:00,2026-08-27 15:15:00+00:00,1.92,1.9351614066858494,1.9138488007160268,1.9351614066858494,target,4,0.00789656598221324,0.0003,0.007596565982213241,0.0032037496270693904,2.3711484561801264,0.75,0.673640873015873
NEAR,trend_pullback,1,2026-08-27 15:35:00+00:00,2026-08-27 15:40:00+00:00,2026-08-27 15:40:00+00:00,1.925,1.9183694187194225,1.9185889712465247,1.9408018314346223,stop,1,-0.003444457808092252,0.0006,-0.004044457808092252,0.0033304045472598914,-1.214404361602212,0.75,0.6517328042328042
NEAR,trend_pullback,1,2026-08-31 15:40:00+00:00,2026-08-31 15:45:00+00:00,2026-08-31 15:45:00+00:00,1.877,1.8690201721063087,1.869234076736974,1.8961413601553456,stop,1,-0.00425137341166294,0.0006,-0.00485137341166294,0.004137412500280211,-1.1725621777703756,0.75,0.6949570105820105
NEAR,vwap_reversion,1,2026-09-01 08:05:00+00:00,2026-09-01 08:10:00+00:00,2026-09-01 09:10:00+00:00,1.926,1.9202694061825814,1.9204891761584424,1.9395830165108814,stop,13,-0.002975386198036648,0.0006,-0.0035753861980366477,0.002861279253145184,-1.2495761097440947,0.75,0.6465972222222222
NEAR,trend_pullback,1,2026-09-01 12:40:00+00:00,2026-09-01 12:45:00+00:00,2026-09-01 12:55:00+00:00,1.976,1.9678904970921507,1.9681157171813999,1.9954330914542957,stop,3,-0.004103999447292149,0.0006,-0.004703999447292149,0.003990021669331989,-1.1789408271759323,0.75,0.7321263227513228
NEAR,trend_pullback,1,2026-09-01 13:40:00+00:00,2026-09-01 13:45:00+00:00,2026-09-01 13:45:00+00:00,1.985,2.0068271826676742,1.9761444001748296,2.0068271826676742,target,1,0.010996061797316947,0.0003,0.010696061797316945,0.0044612593577685496,2.3975431463520525,0.75,0.6524371693121693
NEAR,vwap_reversion,-1,2026-09-03 14:30:00+00:00,2026-09-03 14:35:00+00:00,2026-09-03 14:40:00+00:00,1.924,1.9297346834827003,1.92951388077042,1.9104094488053027,stop,2,-0.002980604720738224,0.0006,-0.0035806047207382237,0.0028658423962681983,-1.24940740823737,0.75,0.6443353174603174
NEAR,trend_pullback,1,2026-09-03 16:15:00+00:00,2026-09-03 16:20:00+00:00,2026-09-03 16:25:00+00:00,1.969,1.9607826081212438,1.9610070147305811,1.9887010200302582,stop,2,-0.004173383381795964,0.0006,-0.004773383381795964,0.0040594135446516185,-1.1758800450584836,0.75,0.6549900793650794
NEAR,trend_pullback,1,2026-09-04 07:45:00+00:00,2026-09-04 07:50:00+00:00,2026-09-04 07:50:00+00:00,1.968,1.9609445393780383,1.9611689645199981,1.9848370592816948,stop,1,-0.0035850917794520926,0.0006,-0.0041850917794520924,0.003471054613822101,-1.2057118786856942,0.75,0.726140873015873
NEAR,trend_pullback,1,2026-09-04 12:05:00+00:00,2026-09-04 12:10:00+00:00,2026-09-04 12:10:00+00:00,2.017,2.009540683795384,2.0097706706431397,2.0348187695415567,stop,1,-0.003698223205064803,0.0006,-0.004298223205064803,0.0035841989870402367,-1.199214446688462,0.75,0.6664649470899471
NEAR,trend_pullback,-1,2026-09-04 13:30:00+00:00,2026-09-04 13:35:00+00:00,2026-09-04 13:45:00+00:00,1.961,1.9717462223837234,1.971520612657393,1.9350689124641722,stop,3,-0.00547997061893083,0.0006,-0.00607997061893083,0.005364922313815898,-1.133282135935784,0.75,0.6471560846560845
NEAR,trend_pullback,-1,2026-09-04 15:30:00+00:00,2026-09-04 15:35:00+00:00,2026-09-04 15:40:00+00:00,1.931,1.9392342103548064,1.9390123206945031,1.9112513222318588,stop,2,-0.004264220794824606,0.0006,-0.004864220794824606,0.004149311597360463,-1.172295856960688,0.75,0.6851984126984129
NEAR,trend_pullback,1,2026-09-05 07:20:00+00:00,2026-09-05 07:25:00+00:00,2026-09-05 07:25:00+00:00,2.249,2.236602684129207,2.2368586576485057,2.2789258438241062,stop,1,-0.005512368106177443,0.0006,-0.006112368106177443,0.005398551512447564,-1.1322237255834302,0.75,0.7424239417989418
NEAR,vwap_reversion,-1,2026-09-05 17:50:00+00:00,2026-09-05 17:55:00+00:00,2026-09-05 18:00:00+00:00,2.254,2.2610516784116954,2.2607929659848147,2.2372567739810902,stop,2,-0.003128517485224226,0.0006,-0.003728517485224226,0.003013738236386371,-1.2371736337973773,0.75,0.660568783068783
NEAR,vwap_reversion,-1,2026-09-06 07:00:00+00:00,2026-09-06 07:05:00+00:00,2026-09-06 07:05:00+00:00,2.262,2.2711248807971685,2.270865015781579,2.240149608989066,stop,1,-0.004033987973991355,0.0006,-0.004633987973991355,0.003919105120061439,-1.182409716511689,0.75,0.6497619047619048
NEAR,vwap_reversion,-1,2026-09-06 07:40:00+00:00,2026-09-06 07:45:00+00:00,2026-09-06 07:55:00+00:00,2.296,2.3085677359095684,2.308303586634575,2.265674258295061,stop,3,-0.0054737525738539254,0.0006,-0.006073752573853925,0.005358704980215637,-1.1334366411807046,0.75,0.6834722222222223
NEAR,vwap_reversion,1,2026-09-07 07:40:00+00:00,2026-09-07 07:45:00+00:00,2026-09-07 07:50:00+00:00,2.313,2.2992710968816303,2.299534242642237,2.3461902470085714,stop,2,-0.005935539610190155,0.0006,-0.006535539610190154,0.005821771447368443,-1.1226032607556844,0.75,0.759348544973545
NEAR,trend_pullback,1,2026-09-09 10:05:00+00:00,2026-09-09 10:10:00+00:00,2026-09-09 10:15:00+00:00,2.449,2.4791199863404794,2.436779891256148,2.4791199863404794,target,2,0.012298891931596376,0.0003,0.011998891931596374,0.004989836155104811,2.4046665178216333,0.5,0.6462599206349207
NEAR,vwap_reversion,-1,2026-09-09 10:35:00+00:00,2026-09-09 10:40:00+00:00,2026-09-09 10:40:00+00:00,2.534,2.5503662000983263,2.5500743839335915,2.4943800396003013,stop,1,-0.00645864250131273,0.0006,-0.0070586425013127296,0.006343482215308565,-1.1127393853612904,0.75,0.6594940476190475
NEAR,trend_pullback,1,2026-09-09 13:30:00+00:00,2026-09-09 13:35:00+00:00,2026-09-09 13:35:00+00:00,2.597,2.583127555429309,2.583423187843529,2.630463973625104,stop,1,-0.005341719126180606,0.0006,-0.005941719126180606,0.00522788300210658,-1.1365440128989852,0.75,0.6697883597883597
NEAR,vwap_reversion,-1,2026-09-11 10:05:00+00:00,2026-09-11 10:10:00+00:00,2026-09-11 10:25:00+00:00,2.494,2.4675722620376916,2.5047221108304223,2.4675722620376916,target,4,0.010596526849361897,0.0003,0.010296526849361895,0.004299162321741094,2.395007696567261,0.75,0.7607374338624338
NEAR,vwap_reversion,-1,2026-09-12 15:10:00+00:00,2026-09-12 15:15:00+00:00,2026-09-12 15:15:00+00:00,2.403,2.410422988710398,2.4101471850270184,2.385383698877067,stop,1,-0.0030890506493541563,0.0006,-0.003689050649354156,0.00297427591636227,-1.240318905539235,0.75,0.6975859788359788
NEAR,vwap_reversion,-1,2026-09-12 15:20:00+00:00,2026-09-12 15:25:00+00:00,2026-09-12 15:25:00+00:00,2.398,2.4059448538892894,2.4056695625998272,2.379096148521553,stop,1,-0.0033131167178020128,0.0006,-0.003913116717802013,0.0031983163468837328,-1.223492704720952,0.75,0.6805357142857142
NEAR,vwap_reversion,-1,2026-09-12 15:30:00+00:00,2026-09-12 15:35:00+00:00,2026-09-12 15:40:00+00:00,2.401,2.4092253915475283,2.408949724894749,2.3814056076537877,stop,2,-0.0034258190535312576,0.0006,-0.0040258190535312575,0.0033110057870674556,-1.2158900685875602,0.75,0.668045634920635
NEAR,vwap_reversion,-1,2026-09-13 17:35:00+00:00,2026-09-13 17:40:00+00:00,2026-09-13 18:35:00+00:00,2.354,2.362044526483381,2.361774258325567,2.3348380956764188,stop,12,-0.003417385931767558,0.0006,-0.004017385931767558,0.003302573630232486,-1.2164409886252112,0.75,0.7231679894179894
NEAR,vwap_reversion,-1,2026-09-14 16:40:00+00:00,2026-09-14 16:45:00+00:00,2026-09-14 16:50:00+00:00,2.434,2.442842909241605,2.442563396029425,2.4128930379556426,stop,2,-0.003633076927528632,0.0006,-0.004233076927528632,0.0035182399463537456,-1.2031802810708614,0.75,0.7631415343915344
NEAR,trend_pullback,-1,2026-09-15 08:15:00+00:00,2026-09-15 08:20:00+00:00,2026-09-15 08:25:00+00:00,2.366,2.3753231335767615,2.3750513460637293,2.343690344209118,stop,2,-0.003940462204886475,0.0006,-0.004540462204886474,0.0038255900522947165,-1.1868658541086894,0.75,0.6661342592592593
NEAR,trend_pullback,-1,2026-09-15 15:05:00+00:00,2026-09-15 15:10:00+00:00,2026-09-15 15:20:00+00:00,2.358,2.369027909741919,2.368756842536455,2.331486655720005,stop,3,-0.004676806506326984,0.0006,-0.005276806506326984,0.004561850100277871,-1.1567250984431872,0.75,0.6904497354497354
NEAR,trend_pullback,1,2026-09-16 12:25:00+00:00,2026-09-16 12:30:00+00:00,2026-09-16 12:30:00+00:00,2.466,2.456550904972871,2.4568320510096453,2.4885970573705936,stop,1,-0.0038317498082438427,0.0006,-0.004431749808243843,0.0037177408720012154,-1.192054519350695,0.75,0.6649966931216932
NEAR,trend_pullback,1,2026-09-17 08:00:00+00:00,2026-09-17 08:05:00+00:00,2026-09-17 08:05:00+00:00,2.728,2.715721878203228,2.7160326857022676,2.7574969014380737,stop,1,-0.004500777784740473,0.0006,-0.005100777784740473,0.004386845417057422,-1.162743908163953,0.75,0.6659093915343914
NEAR,trend_pullback,1,2026-09-17 08:15:00+00:00,2026-09-17 08:20:00+00:00,2026-09-17 08:30:00+00:00,2.731,2.7187494474930665,2.7190606014897525,2.7604280949196234,stop,3,-0.004485738742926917,0.0006,-0.005085738742926917,0.00437180465406347,-1.1633042062389192,0.5,0.6457671957671958
NEAR,trend_pullback,1,2026-09-17 11:00:00+00:00,2026-09-17 11:05:00+00:00,2026-09-17 11:45:00+00:00,2.815,2.848900763130013,2.8012459761015376,2.848900763130013,target,9,0.012042899868565897,0.0003,0.011742899868565896,0.004885976518103857,2.403388519174272,0.75,0.6685284391534392
NEAR,vwap_reversion,-1,2026-09-18 13:25:00+00:00,2026-09-18 13:30:00+00:00,2026-09-18 13:30:00+00:00,3.661,3.6868876464205234,3.6864657880173084,3.598232212633395,stop,1,-0.0070711954166958,0.0006,-0.0076711954166958,0.006955965041602905,-1.1028225948254737,0.75,0.670049603174603
NEAR,trend_pullback,-1,2026-09-19 14:20:00+00:00,2026-09-19 14:25:00+00:00,2026-09-19 14:25:00+00:00,3.589,3.60300632372986,3.602594063134944,3.555493506357533,stop,1,-0.00390256999996099,0.0006,-0.00450256999996099,0.0037877021830436783,-1.188733903134609,0.5,0.6540376984126984
NEAR,trend_pullback,-1,2026-09-19 15:10:00+00:00,2026-09-19 15:15:00+00:00,2026-09-19 15:30:00+00:00,3.581,3.547239046027803,3.5946973013258625,3.547239046027803,target,4,0.009427800606589445,0.0003,0.009127800606589444,0.003824993388959141,2.386357224286159,0.5,0.6654695767195766
NEAR,vwap_reversion,1,2026-09-19 19:05:00+00:00,2026-09-19 19:10:00+00:00,2026-09-19 19:10:00+00:00,3.474,3.4508443233527353,3.451239263755994,3.5301004062352264,stop,1,-0.00666542217825703,0.0006,-0.0072654221782570295,0.006551737548648844,-1.108930588917648,0.75,0.7168749999999999
NEAR,trend_pullback,-1,2026-09-19 20:15:00+00:00,2026-09-19 20:20:00+00:00,2026-09-19 20:25:00+00:00,3.537,3.5554548211389316,3.5550480014478016,3.492515489389221,stop,2,-0.0052176480460649445,0.0006,-0.005817648046064944,0.005102629756234588,-1.1401274095885008,0.75,0.6891633597883596
NEAR,trend_pullback,-1,2026-09-20 07:05:00+00:00,2026-09-20 07:10:00+00:00,2026-09-20 07:40:00+00:00,3.46,3.4730931194235146,3.4726957236637066,3.428707723364103,stop,7,-0.0037841385617094375,0.0006,-0.004384138561709438,0.003669284295868986,-1.1948211717051362,0.75,0.6807109788359789
NEAR,trend_pullback,-1,2026-09-20 07:50:00+00:00,2026-09-20 07:55:00+00:00,2026-09-20 08:00:00+00:00,3.457,3.469715819173852,3.469318809849061,3.4266367362875254,stop,2,-0.0036782815082014287,0.0006,-0.004278281508201429,0.003563439354660397,-1.2006045515005426,0.75,0.6597255291005291
NEAR,vwap_reversion,-1,2026-09-20 09:35:00+00:00,2026-09-20 09:40:00+00:00,2026-09-20 09:40:00+00:00,3.57,3.586243026780533,3.5858326842635084,3.530975778223746,stop,1,-0.004549867445527488,0.0006,-0.005149867445527488,0.004434925564008042,-1.161207188531327,0.75,0.7293915343915344
NEAR,trend_pullback,1,2026-09-20 12:30:00+00:00,2026-09-20 12:35:00+00:00,2026-09-20 12:45:00+00:00,3.619,3.676922578435347,3.595499982463374,3.676922578435347,target,3,0.016005133582577165,0.0003,0.015705133582577163,0.0064935113392170125,2.4185887668706045,0.5,0.659537037037037
NEAR,vwap_reversion,-1,2026-09-20 13:05:00+00:00,2026-09-20 13:10:00+00:00,2026-09-20 13:15:00+00:00,3.745,3.6813639602864905,3.7708180503980526,3.6813639602864905,target,2,0.016992266946197494,0.0003,0.016692266946197493,0.006894005446742963,2.42127266581776,0.75,0.6710648148148148
NEAR,trend_pullback,1,2026-09-20 14:20:00+00:00,2026-09-20 14:25:00+00:00,2026-09-20 15:00:00+00:00,3.691,3.6667729353029244,3.6671925881895895,3.749680240377772,stop,8,-0.006563821375528441,0.0006,-0.007163821375528441,0.006450125117965459,-1.1106484361946922,0.75,0.6454761904761905
NEAR,trend_pullback,-1,2026-09-21 12:15:00+00:00,2026-09-21 12:20:00+00:00,2026-09-21 12:35:00+00:00,4.185,4.210103006831217,4.20962128145682,4.124313742888118,stop,4,-0.005998328991927605,0.0006,-0.006598328991927605,0.005883221375584392,-1.121550349832311,0.75,0.683584656084656
NEAR,trend_pullback,-1,2026-09-21 15:55:00+00:00,2026-09-21 16:00:00+00:00,2026-09-21 16:30:00+00:00,4.071,4.096777928560448,4.096309169986547,4.008618242990905,stop,7,-0.00633208758547008,0.0006,-0.0069320875854700795,0.006216941780041056,-1.1150317681476343,0.75,0.6529662698412698
NEAR,trend_pullback,1,2026-09-21 20:20:00+00:00,2026-09-21 20:25:00+00:00,2026-09-21 20:35:00+00:00,4.117,4.089658631469025,4.090126682553849,4.1832370500433305,stop,3,-0.006641090243132221,0.0006,-0.0072410902431322205,0.006527402828795544,-1.1093371181549045,0.75,0.7007473544973545
NEAR,vwap_reversion,-1,2026-09-22 08:55:00+00:00,2026-09-22 09:00:00+00:00,2026-09-22 09:05:00+00:00,4.546,4.46967376212712,4.576966645079855,4.46967376212712,target,2,0.016789757561126353,0.0003,0.01648975756112635,0.006811844496228428,2.4207477974954323,0.75,0.6811772486772486
NEAR,trend_pullback,1,2026-09-22 12:45:00+00:00,2026-09-22 12:50:00+00:00,2026-09-22 13:15:00+00:00,4.58,4.545535111667253,4.546055336662012,4.663666423720393,stop,6,-0.007525084788809333,0.0006,-0.008125084788809333,0.007411498545412242,-1.0962809665312294,0.75,0.6677645502645502
NEAR,trend_pullback,1,2026-09-23 07:05:00+00:00,2026-09-23 07:10:00+00:00,2026-09-23 07:20:00+00:00,4.479,4.543817083775204,4.45270278315406,4.543817083775204,target,3,0.014471329264390317,0.0003,0.014171329264390315,0.00587122501583832,2.413692070421673,0.5,0.6634160052910053
NEAR,trend_pullback,-1,2026-09-23 17:00:00+00:00,2026-09-23 17:05:00+00:00,2026-09-23 17:15:00+00:00,4.286,4.343134362787763,4.342637415795356,4.146400735715669,stop,3,-0.013330462619636923,0.0006,-0.013930462619636924,0.013214516051179894,-1.0541787959304878,0.75,0.6875363756613756
NEAR,vwap_reversion,-1,2026-09-24 13:00:00+00:00,2026-09-24 13:05:00+00:00,2026-09-24 13:10:00+00:00,4.417,4.442347930640723,4.4418396315049025,4.355775556149887,stop,2,-0.005738720996315057,0.0006,-0.0063387209963150564,0.0056236430846508725,-1.1271556357507666,0.75,0.7047156084656085
NEAR,trend_pullback,1,2026-09-24 14:15:00+00:00,2026-09-24 14:20:00+00:00,2026-09-24 14:25:00+00:00,4.487,4.558374397477783,4.458042387309014,4.558374397477783,target,2,0.015906930572271615,0.0003,0.015606930572271614,0.00645366897503591,2.4183035468107152,0.75,0.6751025132275132
NEAR,trend_pullback,1,2026-09-24 16:15:00+00:00,2026-09-24 16:20:00+00:00,2026-09-24 16:25:00+00:00,4.609,4.707514381499051,4.569031308077528,4.707514381499051,target,2,0.021374350509666042,0.0003,0.02107435050966604,0.008671879349635925,2.4301941551517103,0.75,0.6508035714285714
NEAR,trend_pullback,1,2026-09-27 08:20:00+00:00,2026-09-27 08:25:00+00:00,2026-09-27 08:40:00+00:00,5.405,5.374042232047347,5.374657277586171,5.479788400315776,stop,4,-0.00572761664248906,0.0006,-0.00632761664248906,0.005613824683409647,-1.1271489580337017,0.5,0.6549107142857143
NEAR,trend_pullback,1,2026-09-27 20:20:00+00:00,2026-09-27 20:25:00+00:00,2026-09-27 21:10:00+00:00,5.448,5.506923213504182,5.424094010521161,5.506923213504182,target,10,0.010815567823821861,0.0003,0.01051556782382186,0.004388030374236317,2.3964209285246723,0.75,0.6497288359788361
SOL,trend_pullback,1,2026-08-21 07:00:00+00:00,2026-08-21 07:05:00+00:00,2026-08-21 07:15:00+00:00,90.54,91.17964872290517,90.28048537527849,91.17964872290517,target,3,0.007064819117574159,0.0003,0.006764819117574159,0.002866298041987243,2.3601241107794984,0.75,0.6556117724867725
SOL,trend_pullback,1,2026-08-21 07:35:00+00:00,2026-08-21 07:40:00+00:00,2026-08-21 08:15:00+00:00,90.43,91.0793335019083,90.16655612208292,91.0793335019083,target,8,0.007180509807677626,0.0003,0.006880509807677626,0.0029132354076863497,2.361810442617828,0.5,0.6719444444444445
SOL,trend_pullback,1,2026-08-24 12:20:00+00:00,2026-08-24 12:25:00+00:00,2026-08-24 12:40:00+00:00,95.36,96.05811581052524,95.0767644425869,96.05811581052524,target,4,0.007320845328494522,0.0003,0.007020845328494522,0.0029701715332749014,2.3637844649172033,0.5,0.6837731481481482
SOL,vwap_reversion,-1,2026-08-24 12:50:00+00:00,2026-08-24 12:55:00+00:00,2026-08-24 13:30:00+00:00,96.35,95.63770369285895,96.63898878746865,95.63770369285895,target,8,0.00739280028169222,0.0003,0.00709280028169222,0.002999364685715104,2.3647675507658934,0.75,0.6914517195767196
SOL,trend_pullback,-1,2026-08-25 13:40:00+00:00,2026-08-25 13:45:00+00:00,2026-08-25 13:50:00+00:00,97.5,96.60507362693703,97.86308441421413,96.60507362693703,target,2,0.009178732031415102,0.0003,0.0088787320314151,0.0037239427098884276,2.3842289538554997,0.75,0.657063492063492
SOL,vwap_reversion,-1,2026-08-27 14:20:00+00:00,2026-08-27 14:25:00+00:00,2026-08-27 14:30:00+00:00,106.02,106.43706513331256,106.42722552854096,105.01627510570887,stop,2,-0.003933834496439935,0.0006,-0.004533834496439935,0.0038410255474530114,-1.1803708255588994,0.75,0.6538657407407407
SOL,trend_pullback,-1,2026-09-01 19:05:00+00:00,2026-09-01 19:10:00+00:00,2026-09-01 19:15:00+00:00,99.69,99.99622681860737,99.98698263896644,98.95800053775876,stop,2,-0.0030717907373595233,0.0006,-0.003671790737359523,0.0029790614802532095,-1.2325327159906194,0.75,0.6830654761904761
SOL,vwap_reversion,1,2026-09-04 12:35:00+00:00,2026-09-04 12:40:00+00:00,2026-09-04 12:45:00+00:00,101.77,101.39518884493297,101.40456408541003,102.67072232469359,stop,2,-0.0036829237994204745,0.0006,-0.004282923799420474,0.0035908019513606134,-1.1927485440397527,0.75,0.661253306878307
SOL,trend_pullback,1,2026-09-21 13:40:00+00:00,2026-09-21 13:45:00+00:00,2026-09-21 13:50:00+00:00,117.08,117.96058660848045,116.72273343313078,117.96058660848045,target,2,0.007521238541855623,0.0003,0.007221238541855623,0.0030514739226957317,2.3664755868128933,0.75,0.6462367724867724
SOL,vwap_reversion,-1,2026-09-21 14:20:00+00:00,2026-09-21 14:25:00+00:00,2026-09-21 14:25:00+00:00,118.37,118.80144856413752,118.79046593042152,117.33364031234136,stop,1,-0.0036449147937611844,0.0006,-0.004244914793761184,0.003552132554038259,-1.1950327667066738,0.75,0.6591798941798942
SOL,vwap_reversion,-1,2026-09-24 16:20:00+00:00,2026-09-24 16:25:00+00:00,2026-09-24 16:35:00+00:00,117.05,117.39892950636248,117.38807652891985,116.21671278083132,stop,3,-0.0029810295289404605,0.0006,-0.0035810295289404603,0.0028883086622799032,-1.2398361628406271,0.75,0.707089947089947
PUMP,trend_pullback,1,2026-08-26 18:40:00+00:00,2026-08-26 18:45:00+00:00,2026-08-26 18:50:00+00:00,0.004815,0.004785932255180472,0.004786662477698029,0.004884846005673871,stop,2,-0.006036914811947645,0.0006,-0.006636914811947645,0.0058852590450613855,-1.1277183826796904,0.75,0.6963128306878306
PUMP,vwap_reversion,-1,2026-08-27 08:25:00+00:00,2026-08-27 08:30:00+00:00,2026-08-27 08:30:00+00:00,0.004819,0.004844556968347973,0.00484381802654658,0.0047578288078077265,stop,1,-0.0053033758763171785,0.0006,-0.005903375876317178,0.005150036635521835,-1.1462784236522252,0.75,0.6777843915343915
PUMP,vwap_reversion,-1,2026-08-28 10:55:00+00:00,2026-08-28 11:00:00+00:00,2026-08-28 11:35:00+00:00,0.004809,0.004761903643726849,0.004828107664545107,0.004761903643726849,target,8,0.009793378305916133,0.0003,0.009493378305916131,0.003973313484114564,2.3892849995025474,0.75,0.7111177248677248
PUMP,vwap_reversion,-1,2026-08-29 14:40:00+00:00,2026-08-29 14:45:00+00:00,2026-08-29 14:45:00+00:00,0.004714,0.004728390359435739,0.004727669136563819,0.004680308466215941,stop,1,-0.0030526854976110577,0.0006,-0.0036526854976110575,0.002899689555328438,-1.2596815720837846,0.75,0.6542328042328042
PUMP,vwap_reversion,-1,2026-08-31 18:30:00+00:00,2026-08-31 18:35:00+00:00,2026-08-31 18:40:00+00:00,0.004458,0.0044792773270498,0.00447859410146723,0.004407239890749785,stop,2,-0.004772841419874309,0.0006,-0.005372841419874309,0.0046195831016666725,-1.1630576399709907,0.75,0.660082671957672
PUMP,vwap_reversion,-1,2026-09-03 14:40:00+00:00,2026-09-03 14:45:00+00:00,2026-09-03 14:45:00+00:00,0.004453,0.004472315715752807,0.004471633552027003,0.00440707223091936,stop,1,-0.004337685998833737,0.0006,-0.004937685998833737,0.004184494055019742,-1.1799959407064904,0.75,0.6595568783068783
PUMP,trend_pullback,1,2026-09-15 13:15:00+00:00,2026-09-15 13:20:00+00:00,2026-09-15 13:20:00+00:00,0.003646,0.003633542264913809,0.0036340966593847008,0.0036753392198264415,stop,1,-0.0034168225688949922,0.0006,-0.0040168225688949925,0.003264767036560378,-1.2303550372546486,0.75,0.6523544973544974
PUMP,trend_pullback,1,2026-09-15 13:25:00+00:00,2026-09-15 13:30:00+00:00,2026-09-15 13:30:00+00:00,0.003644,0.003631381983281028,0.003631936048142931,0.0036737350926054524,stop,1,-0.0034626829634939508,0.0006,-0.004062682963493951,0.0033106344283943857,-1.2271614554145438,0.75,0.6505886243386243
PUMP,vwap_reversion,-1,2026-09-17 12:20:00+00:00,2026-09-17 12:25:00+00:00,2026-09-17 12:25:00+00:00,0.003959,0.003974144542372222,0.003973538364852518,0.003923166002124073,stop,1,-0.0038253453832337906,0.0006,-0.004425345383233791,0.0036722315868954183,-1.2050834154975152,0.75,0.6888624338624338
PUMP,trend_pullback,1,2026-09-27 08:45:00+00:00,2026-09-27 08:50:00+00:00,2026-09-27 08:55:00+00:00,0.00445,0.004435555276798571,0.0044362320398968124,0.004483935112930392,stop,2,-0.0032460052138042787,0.0006,-0.0038460052138042785,0.0030939236186938632,-1.2430834396060222,0.75,0.683339947089947
XRP,trend_pullback,1,2026-08-20 09:55:00+00:00,2026-08-20 10:00:00+00:00,2026-08-20 10:15:00+00:00,1.1495,1.158109912858371,1.1460068353546038,1.158109912858371,target,4,0.007490137327856444,0.0003,0.007190137327856444,0.003038855715873213,2.366067362230906,0.75,0.664616402116402
XRP,vwap_reversion,-1,2026-08-24 11:35:00+00:00,2026-08-24 11:40:00+00:00,2026-08-24 11:40:00+00:00,1.4999,1.5048250387191242,1.5046992409276505,1.4880708850374815,stop,1,-0.003283578051286217,0.0006,-0.003883578051286217,0.003199707265584632,-1.2137291723705956,0.75,0.7554034391534391
XRP,vwap_reversion,-1,2026-08-24 12:50:00+00:00,2026-08-24 12:55:00+00:00,2026-08-24 12:55:00+00:00,1.5106,1.5165328226254635,1.5164060461066824,1.496289322976487,stop,1,-0.003927461025727243,0.0006,-0.004527461025727243,0.0038435364137974254,-1.1779414940560167,0.75,0.707526455026455
XRP,vwap_reversion,-1,2026-08-24 14:40:00+00:00,2026-08-24 14:45:00+00:00,2026-08-24 15:40:00+00:00,1.5227,1.5038794922994434,1.5303357488385114,1.5038794922994434,target,12,0.012359957772743511,0.0003,0.01205995777274351,0.005014611439227366,2.404963558772096,0.75,0.8024371693121694
XRP,vwap_reversion,1,2026-08-25 13:25:00+00:00,2026-08-25 13:30:00+00:00,2026-08-25 13:30:00+00:00,1.4501,1.461386980074026,1.445520710941395,1.461386980074026,target,1,0.007783587389853159,0.0003,0.007483587389853159,0.003157912598168991,2.3697892697195813,0.75,0.6992592592592592
XRP,trend_pullback,-1,2026-08-26 16:35:00+00:00,2026-08-26 16:40:00+00:00,2026-08-26 16:45:00+00:00,1.3711,1.3759069961899388,1.375791975468632,1.3595352717322446,stop,2,-0.003505941353613048,0.0006,-0.004105941353613048,0.0034220519791642876,-1.1998477459175754,0.75,0.6750429894179893
XRP,trend_pullback,1,2026-08-27 10:05:00+00:00,2026-08-27 10:10:00+00:00,2026-08-27 10:10:00+00:00,1.4423,1.437797226957034,1.4379174415710585,1.4531020806347146,stop,1,-0.0031219392934659007,0.0006,-0.0037219392934659005,0.003038590049879631,-1.2248902393441785,0.75,0.6701686507936508
XRP,vwap_reversion,-1,2026-08-27 14:35:00+00:00,2026-08-27 14:40:00+00:00,2026-08-27 14:40:00+00:00,1.4588,1.4639085931883289,1.4637862158599326,1.4465100313311523,stop,1,-0.003501914716430485,0.0006,-0.004101914716430485,0.0034180256785937045,-1.200083060264824,0.75,0.6661011904761904
XRP,trend_pullback,-1,2026-09-04 15:30:00+00:00,2026-09-04 15:35:00+00:00,2026-09-04 15:40:00+00:00,1.3967,1.4011417394393026,1.4010246091870622,1.3860407520037201,stop,2,-0.003180167136323186,0.0006,-0.003780167136323186,0.0030963049953906716,-1.220863946526763,0.75,0.6852380952380952
XRP,vwap_reversion,-1,2026-09-11 12:55:00+00:00,2026-09-11 13:00:00+00:00,2026-09-11 13:40:00+00:00,1.3667,1.3723233778757662,1.372208656731658,1.353122324957181,stop,9,-0.004114566383087851,0.0006,-0.004714566383087851,0.004030626129844121,-1.1696858580307423,0.75,0.6939153439153439
XRP,trend_pullback,-1,2026-09-15 15:35:00+00:00,2026-09-15 15:40:00+00:00,2026-09-15 17:30:00+00:00,1.3923,1.3977295565376802,1.3976127115312735,1.3792052884792556,stop,23,-0.003899703036472074,0.0006,-0.004499703036472074,0.003815780745007155,-1.1792352174217067,0.75,0.6478373015873017
XRP,trend_pullback,-1,2026-09-16 15:15:00+00:00,2026-09-16 15:20:00+00:00,2026-09-16 15:20:00+00:00,1.2683,1.2720658480276743,1.2719595080411819,1.2592800858139883,stop,1,-0.0029692091994593735,0.0006,-0.0035692091994593733,0.002885364693827891,-1.2370045308637414,0.75,0.6636441798941798
XRP,vwap_reversion,-1,2026-09-16 20:05:00+00:00,2026-09-16 20:10:00+00:00,2026-09-16 21:20:00+00:00,1.3109,1.2948999289171463,1.3173914574107577,1.2948999289171463,target,15,0.012205409324016796,0.0003,0.011905409324016795,0.004951908925743947,2.4042060349945134,0.75,0.7084920634920634
XRP,trend_pullback,1,2026-09-18 20:55:00+00:00,2026-09-18 21:00:00+00:00,2026-09-18 21:00:00+00:00,1.4031,1.3988422772522262,1.398959234832397,1.413306111328599,stop,1,-0.0030345112591930773,0.0006,-0.003634511259193077,0.0029511547057252084,-1.2315556524848272,0.5,0.6593386243386243
XRP,vwap_reversion,-1,2026-09-21 08:50:00+00:00,2026-09-21 08:55:00+00:00,2026-09-21 09:35:00+00:00,1.4791,1.484743448050821,1.4846193290058398,1.4654960200560287,stop,9,-0.0038154607875200823,0.0006,-0.0044154607875200825,0.0037315455383948233,-1.1832793522384442,0.75,0.667308201058201
XRP,trend_pullback,1,2026-09-21 10:05:00+00:00,2026-09-21 10:10:00+00:00,2026-09-21 10:25:00+00:00,1.4753,1.4872155368589546,1.470465696474367,1.4872155368589546,target,4,0.008076687357794701,0.0003,0.0077766873577947,0.0032768274423052982,2.373236764742083,0.75,0.6664517195767194
XRP,vwap_reversion,-1,2026-09-21 20:45:00+00:00,2026-09-21 20:50:00+00:00,2026-09-21 20:50:00+00:00,1.5298,1.535299072924193,1.5351707276164956,1.5165622910861023,stop,1,-0.0035946351968839385,0.0006,-0.004194635196883938,0.003510738407958967,-1.1948014091208143,0.75,0.6644411375661375
XRP,vwap_reversion,-1,2026-09-24 17:15:00+00:00,2026-09-24 17:20:00+00:00,2026-09-24 17:25:00+00:00,1.5332,1.5396886180497529,1.5395599057923648,1.5175241758638895,stop,2,-0.004232075430311102,0.0006,-0.004832075430311102,0.004148125353746945,-1.1648817280669579,0.75,0.6597916666666666
ONDO,vwap_reversion,1,2026-08-25 07:50:00+00:00,2026-08-25 07:55:00+00:00,2026-08-25 08:00:00+00:00,0.3834,0.3818741108960464,0.3819714479508333,0.38692107899442496,stop,2,-0.0039798881167282885,0.0006,-0.004579888116728288,0.0037260095179099855,-1.2291670471355278,0.75,0.704808201058201
ENA,trend_pullback,1,2026-08-20 09:55:00+00:00,2026-08-20 10:00:00+00:00,2026-08-20 10:05:00+00:00,0.0967,0.09779185156744763,0.09625702022120695,0.09779185156744763,target,2,0.011291122724380924,0.0003,0.010991122724380922,0.00458096979103452,2.3993004157966293,0.75,0.6911904761904762
ENA,trend_pullback,1,2026-08-20 16:15:00+00:00,2026-08-20 16:20:00+00:00,2026-08-20 16:20:00+00:00,0.1016,0.10105663123369438,0.10107174992405302,0.10290202483508058,stop,1,-0.005348117778598609,0.0006,-0.0059481177785986085,0.005199311771131684,-1.1440202166033868,0.75,0.6741964285714285
ENA,trend_pullback,1,2026-08-20 16:45:00+00:00,2026-08-20 16:50:00+00:00,2026-08-20 16:55:00+00:00,0.1017,0.1029315599749029,0.10120033852446797,0.1029315599749029,target,2,0.01210973426649854,0.0003,0.011809734266498539,0.004913092188122248,2.4037273908780743,0.75,0.6508829365079365
ENA,trend_pullback,1,2026-08-21 16:15:00+00:00,2026-08-21 16:20:00+00:00,2026-08-21 16:45:00+00:00,0.1511,0.14903199104012563,0.1490542871378538,0.15614225001233226,stop,6,-0.013686359760915846,0.0006,-0.014286359760915848,0.013538801205468078,-1.0552160079834723,0.75,0.6696263227513228
ENA,trend_pullback,1,2026-08-23 10:55:00+00:00,2026-08-23 11:00:00+00:00,2026-08-23 11:20:00+00:00,0.1751,0.1802696896611874,0.17300258305174684,0.1802696896611874,target,5,0.029524212799471088,0.0003,0.029224212799471086,0.011978394907213996,2.439743640600026,0.75,0.6675165343915342
ENA,trend_pullback,1,2026-08-23 11:55:00+00:00,2026-08-23 12:00:00+00:00,2026-08-23 12:10:00+00:00,0.176,0.17401145614254962,0.17403748932109672,0.18083717420856435,stop,3,-0.011298544644604376,0.0006,-0.011898544644604377,0.011150628857404875,-1.0670738661257502,0.5,0.6442460317460318
ENA,trend_pullback,-1,2026-08-25 09:50:00+00:00,2026-08-25 09:55:00+00:00,2026-08-25 10:45:00+00:00,0.1507,0.151477192892062,0.1514545377558695,0.1488402238411667,stop,11,-0.005157218925427935,0.0006,-0.0057572189254279345,0.005006886236692143,-1.1498601432637119,0.5,0.6600892857142856
ENA,trend_pullback,-1,2026-08-25 13:35:00+00:00,2026-08-25 13:40:00+00:00,2026-08-25 13:45:00+00:00,0.148,0.14637716230585035,0.14865840843591213,0.14637716230585035,target,2,0.010965119555065152,0.0003,0.01066511955506515,0.004448705648054998,2.3973533874348387,0.75,0.6625165343915344
ENA,trend_pullback,-1,2026-08-25 14:10:00+00:00,2026-08-25 14:15:00+00:00,2026-08-25 14:25:00+00:00,0.1481,0.1488346809595274,0.14881242104103454,0.14634403264533746,stop,3,-0.0049607087071396995,0.0006,-0.005560708707139699,0.004810405408740839,-1.155975065435339,0.5,0.6544279100529101
ENA,vwap_reversion,-1,2026-08-27 08:35:00+00:00,2026-08-27 08:40:00+00:00,2026-08-27 08:50:00+00:00,0.1552,0.15613048535575375,0.15610713426677458,0.15296410568048524,stop,3,-0.005995395333464824,0.0006,-0.006595395333464824,0.005844937285918586,-1.1283945422911918,0.75,0.6651917989417989
ENA,trend_pullback,1,2026-08-27 09:45:00+00:00,2026-08-27 09:50:00+00:00,2026-08-27 09:50:00+00:00,0.1573,0.1561759243609115,0.15619928923477538,0.1600130194917508,stop,1,-0.007146062549831573,0.0006,-0.007746062549831573,0.006997525525903486,-1.1069716746522964,0.75,0.6586871693121693
ENA,vwap_reversion,1,2026-08-27 12:30:00+00:00,2026-08-27 12:35:00+00:00,2026-08-27 13:55:00+00:00,0.1454,0.14724419271201344,0.14465178467112597,0.14724419271201344,target,17,0.01268358123805669,0.0003,0.012383581238056688,0.005145910102297309,2.4064900069918123,0.75,0.7182242063492065
ENA,vwap_reversion,-1,2026-08-27 16:05:00+00:00,2026-08-27 16:10:00+00:00,2026-08-27 16:15:00+00:00,0.1636,0.16552085272721423,0.1654960972020448,0.15892652098087545,stop,2,-0.011741153589329058,0.0006,-0.01234115358932906,0.011589836198317932,-1.064825540081418,0.75,0.6467724867724867
ENA,trend_pullback,1,2026-08-28 15:50:00+00:00,2026-08-28 15:55:00+00:00,2026-08-28 16:00:00+00:00,0.1702,0.1683920995326934,0.16841729202110903,0.17459399853951996,stop,2,-0.010622211911319528,0.0006,-0.01122221191131953,0.010474194940604895,-1.0714152233137104,0.75,0.7151951058201058
ENA,vwap_reversion,1,2026-08-29 08:45:00+00:00,2026-08-29 08:50:00+00:00,2026-08-29 09:40:00+00:00,0.1553,0.15701331591991852,0.15460488325534733,0.15701331591991852,target,11,0.011032298260904851,0.0003,0.01073229826090485,0.0044759610087099465,2.397764019842991,0.75,0.6992063492063492
ENA,vwap_reversion,-1,2026-08-30 07:10:00+00:00,2026-08-30 07:15:00+00:00,2026-08-30 07:30:00+00:00,0.1622,0.16280471146359154,0.16278036216822525,0.16076952986705045,stop,4,-0.003728184115854094,0.0006,-0.004328184115854094,0.0035780651555193874,-1.2096437397674555,0.75,0.7117361111111112
ENA,vwap_reversion,-1,2026-08-30 13:00:00+00:00,2026-08-30 13:05:00+00:00,2026-08-30 13:05:00+00:00,0.162,0.16260170084126327,0.16257738190844337,0.16057687557778044,stop,1,-0.003714202723847309,0.0006,-0.004314202723847309,0.0035640858545886887,-1.2104654320526145,0.75,0.652992724867725
ENA,trend_pullback,1,2026-08-30 14:10:00+00:00,2026-08-30 14:15:00+00:00,2026-08-30 14:15:00+00:00,0.1615,0.16086186475322165,0.16088593067243967,0.16301355115947969,stop,1,-0.003951301837636902,0.0006,-0.0045513018376369015,0.0038022868579586874,-1.196990655271163,0.75,0.7322751322751322
ENA,trend_pullback,1,2026-08-30 14:20:00+00:00,2026-08-30 14:25:00+00:00,2026-08-30 14:50:00+00:00,0.1609,0.16024439525209075,0.16026836879409337,0.16245683747934728,stop,6,-0.004074609993220874,0.0006,-0.004674609993220874,0.003925613461197081,-1.1907973210881015,0.5,0.6716534391534391
ENA,trend_pullback,1,2026-08-30 18:15:00+00:00,2026-08-30 18:20:00+00:00,2026-08-30 19:30:00+00:00,0.1624,0.16153894028236407,0.16156310749622402,0.1644627632135323,stop,15,-0.005302091857364041,0.0006,-0.005902091857364041,0.005153278964137688,-1.145308045312011,0.75,0.6878703703703704
ENA,vwap_reversion,-1,2026-09-01 10:35:00+00:00,2026-09-01 10:40:00+00:00,2026-09-01 10:40:00+00:00,0.1573,0.15815639061450248,0.15813273652836135,0.15524748038784175,stop,1,-0.005444314141783147,0.0006,-0.006044314141783147,0.005293938514693881,-1.141742414462601,0.75,0.7220039682539682
ENA,trend_pullback,-1,2026-09-01 19:05:00+00:00,2026-09-01 19:10:00+00:00,2026-09-01 19:15:00+00:00,0.1581,0.15910828503609986,0.15908448858332683,0.15567344363264515,stop,2,-0.00637751445983473,0.0006,-0.00697751445983473,0.0062269992620292485,-1.120525981491911,0.75,0.6579100529100529
ENA,vwap_reversion,-1,2026-09-03 07:10:00+00:00,2026-09-03 07:15:00+00:00,2026-09-03 07:45:00+00:00,0.1531,0.15184592323059798,0.15360879686072884,0.15184592323059798,target,7,0.008191226449392781,0.0003,0.00789122644939278,0.0033232975880393544,2.3745169490067743,0.75,0.7167328042328042
ENA,vwap_reversion,-1,2026-09-03 11:30:00+00:00,2026-09-03 11:35:00+00:00,2026-09-03 11:40:00+00:00,0.1528,0.15328543579916193,0.15326251021968654,0.15166001002189933,stop,2,-0.0031769358583896424,0.0006,-0.0037769358583896423,0.0030268993434984124,-1.2477903721847443,0.75,0.7890310846560846
ENA,vwap_reversion,-1,2026-09-03 11:55:00+00:00,2026-09-03 12:00:00+00:00,2026-09-03 12:10:00+00:00,0.1542,0.1547573175901964,0.15473417187406677,0.15288337918363828,stop,3,-0.003614251557693861,0.0006,-0.004214251557693861,0.0034641496372682153,-1.2165327710892901,0.75,0.6489715608465607
ENA,vwap_reversion,-1,2026-09-03 14:50:00+00:00,2026-09-03 14:55:00+00:00,2026-09-03 15:00:00+00:00,0.1598,0.1606658313324642,0.16064180193093633,0.15772513608572034,stop,2,-0.005418218601152731,0.0006,-0.0060182186011527306,0.005267846876948182,-1.1424437235425606,0.75,0.6617989417989418
ENA,vwap_reversion,-1,2026-09-04 09:35:00+00:00,2026-09-04 09:40:00+00:00,2026-09-04 10:00:00+00:00,0.1715,0.16938069493848798,0.17235983233924204,0.16938069493848798,target,5,0.01235746391552206,0.0003,0.012057463915522058,0.005013599645726096,2.4049514854662535,0.75,0.6643320105820105
ENA,trend_pullback,-1,2026-09-06 15:50:00+00:00,2026-09-06 15:55:00+00:00,2026-09-06 16:10:00+00:00,0.1716,0.17219433671243087,0.17216858309186717,0.17019856280173587,stop,4,-0.0034635006551915217,0.0006,-0.004063500655191522,0.0033134212812771474,-1.2263760959564003,0.75,0.6754728835978835
ENA,vwap_reversion,1,2026-09-07 07:40:00+00:00,2026-09-07 07:45:00+00:00,2026-09-07 08:05:00+00:00,0.1693,0.17122423000342074,0.16851931239861218,0.17122423000342074,target,5,0.01136580037460564,0.0003,0.011065800374605639,0.004611267580554294,2.399730699053357,0.75,0.6662830687830688
ENA,trend_pullback,-1,2026-09-07 14:55:00+00:00,2026-09-07 15:00:00+00:00,2026-09-07 15:15:00+00:00,0.1685,0.16709319181829696,0.16907076217657668,0.16709319181829696,target,4,0.008349009980433536,0.0003,0.008049009980433534,0.00338731262063304,2.3762229477742416,0.75,0.7034259259259259
ENA,vwap_reversion,1,2026-09-08 11:10:00+00:00,2026-09-08 11:15:00+00:00,2026-09-08 11:45:00+00:00,0.1607,0.16021011722408535,0.16023408563788524,0.16184838047000122,stop,7,-0.003048430466177118,0.0006,-0.003648430466177118,0.0028992804114173786,-1.2583917208592805,0.75,0.7246957671957671
ENA,trend_pullback,-1,2026-09-08 12:55:00+00:00,2026-09-08 13:00:00+00:00,2026-09-08 13:30:00+00:00,0.1597,0.1584990542030925,0.16018724086617392,0.1584990542030925,target,7,0.007520011251769073,0.0003,0.007220011251769073,0.0030509759935749034,2.3664595417904972,0.75,0.6780753968253967
ENA,trend_pullback,1,2026-09-09 07:55:00+00:00,2026-09-09 08:00:00+00:00,2026-09-09 08:05:00+00:00,0.1672,0.16871191427404533,0.16658659478024446,0.16871191427404533,target,2,0.009042549485917137,0.0003,0.008742549485917135,0.0036686915057149534,2.383015707997882,0.75,0.6746593915343915
ENA,trend_pullback,1,2026-09-09 09:10:00+00:00,2026-09-09 09:15:00+00:00,2026-09-09 09:15:00+00:00,0.1676,0.16696442489585375,0.1669894037954083,0.16910499064512038,stop,1,-0.003792214225216268,0.0006,-0.004392214225216268,0.0036431754450578896,-1.2056005238985892,0.5,0.6489947089947089
ENA,trend_pullback,-1,2026-09-09 11:40:00+00:00,2026-09-09 11:45:00+00:00,2026-09-09 11:45:00+00:00,0.1633,0.16383378366905113,0.16380928046423798,0.16204473125011767,stop,1,-0.0032687303677350274,0.0006,-0.0038687303677350272,0.0031186801239312307,-1.2405024606558002,0.75,0.6476951058201057
ENA,trend_pullback,-1,2026-09-09 14:05:00+00:00,2026-09-09 14:10:00+00:00,2026-09-09 14:15:00+00:00,0.1625,0.16313761421796016,0.1631132151332025,0.16098855424914876,stop,2,-0.003923779802831744,0.0006,-0.004523779802831744,0.0037736315889385142,-1.198786817476329,0.75,0.7076653439153439
ENA,vwap_reversion,1,2026-09-14 13:05:00+00:00,2026-09-14 13:10:00+00:00,2026-09-14 13:30:00+00:00,0.1386,0.13974267636863347,0.1381363998732973,0.13974267636863347,target,5,0.008244418244108704,0.0003,0.007944418244108702,0.0033448782590383653,2.375099369503714,0.75,0.7565575396825398
ENA,trend_pullback,-1,2026-09-14 13:35:00+00:00,2026-09-14 13:40:00+00:00,2026-09-14 13:40:00+00:00,0.1398,0.1403955842920545,0.14037458653640408,0.13838376557928572,stop,1,-0.004260259599817609,0.0006,-0.004860259599817609,0.0041100610615456175,-1.1825273461971084,0.75,0.7013458994708994
ENA,vwap_reversion,-1,2026-09-14 16:15:00+00:00,2026-09-14 16:20:00+00:00,2026-09-14 16:35:00+00:00,0.1426,0.1410930294622069,0.1432113994753332,0.1410930294622069,target,4,0.010567815833051275,0.0003,0.010267815833051273,0.004287513852266499,2.3948181129778554,0.75,0.6823511904761904
ENA,vwap_reversion,-1,2026-09-14 20:20:00+00:00,2026-09-14 20:25:00+00:00,2026-09-14 20:30:00+00:00,0.1473,0.14804787915535997,0.1480257369120213,0.14551121183656715,stop,2,-0.005077251563883108,0.0006,-0.005677251563883108,0.004926930835175317,-1.1522896817123862,0.75,0.6701818783068784
ENA,trend_pullback,1,2026-09-16 11:25:00+00:00,2026-09-16 11:30:00+00:00,2026-09-16 11:50:00+00:00,0.144,0.14518731702841056,0.14351828851990198,0.14518731702841056,target,5,0.008245257141740089,0.0003,0.007945257141740087,0.0033452186117916786,2.375108494773278,0.75,0.6705787037037038
ENA,vwap_reversion,-1,2026-09-17 14:25:00+00:00,2026-09-17 14:30:00+00:00,2026-09-17 14:40:00+00:00,0.155,0.1529726754739336,0.15582251452200407,0.1529726754739336,target,3,0.013079513071396192,0.0003,0.01277951307139619,0.005306545303252176,2.408254776146756,0.75,0.7444775132275132
ENA,vwap_reversion,-1,2026-09-19 08:25:00+00:00,2026-09-19 08:30:00+00:00,2026-09-19 08:30:00+00:00,0.1872,0.1886026903937594,0.1885744827173722,0.1838121904853502,stop,1,-0.007493004240167725,0.0006,-0.008093004240167725,0.00734232220818489,-1.1022404098727796,0.75,0.6807671957671958
ENA,trend_pullback,1,2026-09-19 09:25:00+00:00,2026-09-19 09:30:00+00:00,2026-09-19 09:35:00+00:00,0.1897,0.18796638101177485,0.1879945019324671,0.19390369241997543,stop,2,-0.009138740053901744,0.0006,-0.009738740053901745,0.008990501146720519,-1.0832254948829145,0.75,0.6655687830687831
ENA,vwap_reversion,-1,2026-09-20 12:05:00+00:00,2026-09-20 12:10:00+00:00,2026-09-20 13:00:00+00:00,0.209,0.20525953420476198,0.2105175604083537,0.20525953420476198,target,11,0.01789696552745461,0.0003,0.017596965527454607,0.007261054585424427,2.42347241993995,0.75,0.6714186507936508
ENA,vwap_reversion,-1,2026-09-21 09:15:00+00:00,2026-09-21 09:20:00+00:00,2026-09-21 09:50:00+00:00,0.2212,0.21793606804820995,0.22252422382044054,0.21793606804820995,target,7,0.014755569402305881,0.0003,0.01445556940230588,0.005986545300364081,2.414676357903237,0.75,0.7035383597883598
ENA,trend_pullback,1,2026-09-25 15:55:00+00:00,2026-09-25 16:00:00+00:00,2026-09-25 16:10:00+00:00,0.2518,0.25773021673604446,0.24939402635280486,0.25773021673604446,target,3,0.02355129760144732,0.0003,0.02325129760144732,0.009555097884015797,2.43339187977793,0.75,0.6465641534391534
ENA,trend_pullback,1,2026-09-26 09:25:00+00:00,2026-09-26 09:30:00+00:00,2026-09-26 09:30:00+00:00,0.2759,0.27966078058153826,0.27437419759263304,0.27966078058153826,target,1,0.013630955351715409,0.0003,0.013330955351715407,0.005530273314124539,2.4105418655652358,0.75,0.7281646825396826
ENA,trend_pullback,1,2026-09-27 19:35:00+00:00,2026-09-27 19:40:00+00:00,2026-09-27 19:50:00+00:00,0.2881,0.2863885876130307,0.2864314330980376,0.2922126648992032,stop,3,-0.00594034150284385,0.0006,-0.00654034150284385,0.005791624095669737,-1.1292758982292914,0.75,0.6733333333333332
ENA,trend_pullback,-1,2026-09-28 07:40:00+00:00,2026-09-28 07:45:00+00:00,2026-09-28 08:00:00+00:00,0.2643,0.2654991650099612,0.2654594565916346,0.26144218445723855,stop,4,-0.004537135868184641,0.0006,-0.005137135868184641,0.004386895919919203,-1.1710184061716364,0.75,0.6920601851851852
ENA,trend_pullback,-1,2026-09-28 16:10:00+00:00,2026-09-28 16:15:00+00:00,2026-09-28 16:15:00+00:00,0.2601,0.2618105412228345,0.2617713844801276,0.25598039036588266,stop,1,-0.0065764752896366125,0.0006,-0.007176475289636612,0.006425930334977369,-1.1167994228903957,0.75,0.684589947089947
